{
"SRR1738129": {
"tissue": "root", 
"detail": "Title: Illumina HiSeq 2500 sequencing; GSM1576113: pSHR_0h_rep2; Arabidopsis thaliana; RNA-Seq. Alias: GSM1576113_r1.  More info: Translatome analyses of opposing tissue-specific brassinosteroid signals orchestrating root meristem differentiation The mechanisms ensuring balanced growth remain a critical question in developmental biology. In plants, this balance relies on spatiotemporal integration of hormonal signaling pathways, but the understanding of the precise contribution of each hormone is just beginning to take form. Brassinosteroid (BR) hormone, is shown here to have opposing effects  ..."
},

"SRR1738128": {
"tissue": "root", 
"detail": "Title: Illumina HiSeq 2500 sequencing; GSM1576112: pSHR_0h_rep1; Arabidopsis thaliana; RNA-Seq. Alias: GSM1576112_r1.  More info: Translatome analyses of opposing tissue-specific brassinosteroid signals orchestrating root meristem differentiation The mechanisms ensuring balanced growth remain a critical question in developmental biology. In plants, this balance relies on spatiotemporal integration of hormonal signaling pathways, but the understanding of the precise contribution of each hormone is just beginning to take form. Brassinosteroid (BR) hormone, is shown here to have opposing effects  ..."
},

"SRR1738127": {
"tissue": "root", 
"detail": "Title: Illumina HiSeq 2500 sequencing; GSM1576111: pSCR_8h_rep2; Arabidopsis thaliana; RNA-Seq. Alias: GSM1576111_r1.  More info: Translatome analyses of opposing tissue-specific brassinosteroid signals orchestrating root meristem differentiation The mechanisms ensuring balanced growth remain a critical question in developmental biology. In plants, this balance relies on spatiotemporal integration of hormonal signaling pathways, but the understanding of the precise contribution of each hormone is just beginning to take form. Brassinosteroid (BR) hormone, is shown here to have opposing effects  ..."
},

"SRR1738126": {
"tissue": "root", 
"detail": "Title: Illumina HiSeq 2500 sequencing; GSM1576110: pSCR_8h_rep1; Arabidopsis thaliana; RNA-Seq. Alias: GSM1576110_r1.  More info: Translatome analyses of opposing tissue-specific brassinosteroid signals orchestrating root meristem differentiation The mechanisms ensuring balanced growth remain a critical question in developmental biology. In plants, this balance relies on spatiotemporal integration of hormonal signaling pathways, but the understanding of the precise contribution of each hormone is just beginning to take form. Brassinosteroid (BR) hormone, is shown here to have opposing effects  ..."
},

"SRR1738125": {
"tissue": "root", 
"detail": "Title: Illumina HiSeq 2500 sequencing; GSM1576109: pSCR_3h_rep2; Arabidopsis thaliana; RNA-Seq. Alias: GSM1576109_r1.  More info: Translatome analyses of opposing tissue-specific brassinosteroid signals orchestrating root meristem differentiation The mechanisms ensuring balanced growth remain a critical question in developmental biology. In plants, this balance relies on spatiotemporal integration of hormonal signaling pathways, but the understanding of the precise contribution of each hormone is just beginning to take form. Brassinosteroid (BR) hormone, is shown here to have opposing effects  ..."
},

"SRR1738124": {
"tissue": "root", 
"detail": "Title: Illumina HiSeq 2500 sequencing; GSM1576108: pSCR_3h_rep1; Arabidopsis thaliana; RNA-Seq. Alias: GSM1576108_r1.  More info: Translatome analyses of opposing tissue-specific brassinosteroid signals orchestrating root meristem differentiation The mechanisms ensuring balanced growth remain a critical question in developmental biology. In plants, this balance relies on spatiotemporal integration of hormonal signaling pathways, but the understanding of the precise contribution of each hormone is just beginning to take form. Brassinosteroid (BR) hormone, is shown here to have opposing effects  ..."
},

"SRR1738123": {
"tissue": "root", 
"detail": "Title: Illumina HiSeq 2500 sequencing; GSM1576107: pSCR_0h_rep2; Arabidopsis thaliana; RNA-Seq. Alias: GSM1576107_r1.  More info: Translatome analyses of opposing tissue-specific brassinosteroid signals orchestrating root meristem differentiation The mechanisms ensuring balanced growth remain a critical question in developmental biology. In plants, this balance relies on spatiotemporal integration of hormonal signaling pathways, but the understanding of the precise contribution of each hormone is just beginning to take form. Brassinosteroid (BR) hormone, is shown here to have opposing effects  ..."
},

"SRR1738122": {
"tissue": "root", 
"detail": "Title: Illumina HiSeq 2500 sequencing; GSM1576106: pSCR_0h_rep1; Arabidopsis thaliana; RNA-Seq. Alias: GSM1576106_r1.  More info: Translatome analyses of opposing tissue-specific brassinosteroid signals orchestrating root meristem differentiation The mechanisms ensuring balanced growth remain a critical question in developmental biology. In plants, this balance relies on spatiotemporal integration of hormonal signaling pathways, but the understanding of the precise contribution of each hormone is just beginning to take form. Brassinosteroid (BR) hormone, is shown here to have opposing effects  ..."
},

"SRR1738121": {
"tissue": "root", 
"detail": "Title: Illumina HiSeq 2500 sequencing; GSM1576105: pGL2_8h_rep2; Arabidopsis thaliana; RNA-Seq. Alias: GSM1576105_r1.  More info: Translatome analyses of opposing tissue-specific brassinosteroid signals orchestrating root meristem differentiation The mechanisms ensuring balanced growth remain a critical question in developmental biology. In plants, this balance relies on spatiotemporal integration of hormonal signaling pathways, but the understanding of the precise contribution of each hormone is just beginning to take form. Brassinosteroid (BR) hormone, is shown here to have opposing effects  ..."
},

"SRR1738120": {
"tissue": "root", 
"detail": "Title: Illumina HiSeq 2500 sequencing; GSM1576104: pGL2_8h_rep1; Arabidopsis thaliana; RNA-Seq. Alias: GSM1576104_r1.  More info: Translatome analyses of opposing tissue-specific brassinosteroid signals orchestrating root meristem differentiation The mechanisms ensuring balanced growth remain a critical question in developmental biology. In plants, this balance relies on spatiotemporal integration of hormonal signaling pathways, but the understanding of the precise contribution of each hormone is just beginning to take form. Brassinosteroid (BR) hormone, is shown here to have opposing effects  ..."
},

"Sample000001": {"category": "Type9", "detail": "TBA"},

"Sample000002": {"category": "Type1", "detail": "TBA"},

"Sample000003": {"category": "Type6", "detail": "TBA"},

"Sample000004": {"category": "Type2", "detail": "TBA"},

"Sample000005": {"category": "Type6", "detail": "TBA"},

"Sample000006": {"category": "Type10", "detail": "TBA"},

"Sample000007": {"category": "Type1", "detail": "TBA"},

"Sample000008": {"category": "Type8", "detail": "TBA"},

"Sample000009": {"category": "Type6", "detail": "TBA"},

"Sample000010": {"category": "Type8", "detail": "TBA"},

"Sample000011": {"category": "Type1", "detail": "TBA"},

"Sample000012": {"category": "Type9", "detail": "TBA"},

"Sample000013": {"category": "Type7", "detail": "TBA"},

"Sample000014": {"category": "Type10", "detail": "TBA"},

"Sample000015": {"category": "Type9", "detail": "TBA"},

"Sample000016": {"category": "Type5", "detail": "TBA"},

"Sample000017": {"category": "Type7", "detail": "TBA"},

"Sample000018": {"category": "Type3", "detail": "TBA"},

"Sample000019": {"category": "Type10", "detail": "TBA"},

"Sample000020": {"category": "Type2", "detail": "TBA"},

"Sample000021": {"category": "Type7", "detail": "TBA"},

"Sample000022": {"category": "Type1", "detail": "TBA"},

"Sample000023": {"category": "Type1", "detail": "TBA"},

"Sample000024": {"category": "Type1", "detail": "TBA"},

"Sample000025": {"category": "Type9", "detail": "TBA"},

"Sample000026": {"category": "Type4", "detail": "TBA"},

"Sample000027": {"category": "Type2", "detail": "TBA"},

"Sample000028": {"category": "Type6", "detail": "TBA"},

"Sample000029": {"category": "Type7", "detail": "TBA"},

"Sample000030": {"category": "Type7", "detail": "TBA"},

"Sample000031": {"category": "Type4", "detail": "TBA"},

"Sample000032": {"category": "Type2", "detail": "TBA"},

"Sample000033": {"category": "Type3", "detail": "TBA"},

"Sample000034": {"category": "Type3", "detail": "TBA"},

"Sample000035": {"category": "Type3", "detail": "TBA"},

"Sample000036": {"category": "Type4", "detail": "TBA"},

"Sample000037": {"category": "Type5", "detail": "TBA"},

"Sample000038": {"category": "Type8", "detail": "TBA"},

"Sample000039": {"category": "Type2", "detail": "TBA"},

"Sample000040": {"category": "Type8", "detail": "TBA"},

"Sample000041": {"category": "Type4", "detail": "TBA"},

"Sample000042": {"category": "Type7", "detail": "TBA"},

"Sample000043": {"category": "Type4", "detail": "TBA"},

"Sample000044": {"category": "Type2", "detail": "TBA"},

"Sample000045": {"category": "Type8", "detail": "TBA"},

"Sample000046": {"category": "Type7", "detail": "TBA"},

"Sample000047": {"category": "Type1", "detail": "TBA"},

"Sample000048": {"category": "Type9", "detail": "TBA"},

"Sample000049": {"category": "Type10", "detail": "TBA"},

"Sample000050": {"category": "Type1", "detail": "TBA"},

"Sample000051": {"category": "Type1", "detail": "TBA"},

"Sample000052": {"category": "Type3", "detail": "TBA"},

"Sample000053": {"category": "Type10", "detail": "TBA"},

"Sample000054": {"category": "Type6", "detail": "TBA"},

"Sample000055": {"category": "Type9", "detail": "TBA"},

"Sample000056": {"category": "Type9", "detail": "TBA"},

"Sample000057": {"category": "Type4", "detail": "TBA"},

"Sample000058": {"category": "Type3", "detail": "TBA"},

"Sample000059": {"category": "Type7", "detail": "TBA"},

"Sample000060": {"category": "Type7", "detail": "TBA"},

"Sample000061": {"category": "Type4", "detail": "TBA"},

"Sample000062": {"category": "Type5", "detail": "TBA"},

"Sample000063": {"category": "Type1", "detail": "TBA"},

"Sample000064": {"category": "Type7", "detail": "TBA"},

"Sample000065": {"category": "Type10", "detail": "TBA"},

"Sample000066": {"category": "Type1", "detail": "TBA"},

"Sample000067": {"category": "Type1", "detail": "TBA"},

"Sample000068": {"category": "Type10", "detail": "TBA"},

"Sample000069": {"category": "Type3", "detail": "TBA"},

"Sample000070": {"category": "Type3", "detail": "TBA"},

"Sample000071": {"category": "Type1", "detail": "TBA"},

"Sample000072": {"category": "Type4", "detail": "TBA"},

"Sample000073": {"category": "Type7", "detail": "TBA"},

"Sample000074": {"category": "Type7", "detail": "TBA"},

"Sample000075": {"category": "Type10", "detail": "TBA"},

"Sample000076": {"category": "Type3", "detail": "TBA"},

"Sample000077": {"category": "Type2", "detail": "TBA"},

"Sample000078": {"category": "Type9", "detail": "TBA"},

"Sample000079": {"category": "Type9", "detail": "TBA"},

"Sample000080": {"category": "Type8", "detail": "TBA"},

"Sample000081": {"category": "Type10", "detail": "TBA"},

"Sample000082": {"category": "Type3", "detail": "TBA"},

"Sample000083": {"category": "Type6", "detail": "TBA"},

"Sample000084": {"category": "Type10", "detail": "TBA"},

"Sample000085": {"category": "Type5", "detail": "TBA"},

"Sample000086": {"category": "Type7", "detail": "TBA"},

"Sample000087": {"category": "Type3", "detail": "TBA"},

"Sample000088": {"category": "Type8", "detail": "TBA"},

"Sample000089": {"category": "Type7", "detail": "TBA"},

"Sample000090": {"category": "Type7", "detail": "TBA"},

"Sample000091": {"category": "Type10", "detail": "TBA"},

"Sample000092": {"category": "Type8", "detail": "TBA"},

"Sample000093": {"category": "Type1", "detail": "TBA"},

"Sample000094": {"category": "Type6", "detail": "TBA"},

"Sample000095": {"category": "Type7", "detail": "TBA"},

"Sample000096": {"category": "Type1", "detail": "TBA"},

"Sample000097": {"category": "Type9", "detail": "TBA"},

"Sample000098": {"category": "Type9", "detail": "TBA"},

"Sample000099": {"category": "Type1", "detail": "TBA"},

"Sample000100": {"category": "Type10", "detail": "TBA"},

"Sample000101": {"category": "Type6", "detail": "TBA"},

"Sample000102": {"category": "Type4", "detail": "TBA"},

"Sample000103": {"category": "Type5", "detail": "TBA"},

"Sample000104": {"category": "Type3", "detail": "TBA"},

"Sample000105": {"category": "Type8", "detail": "TBA"},

"Sample000106": {"category": "Type9", "detail": "TBA"},

"Sample000107": {"category": "Type1", "detail": "TBA"},

"Sample000108": {"category": "Type6", "detail": "TBA"},

"Sample000109": {"category": "Type8", "detail": "TBA"},

"Sample000110": {"category": "Type1", "detail": "TBA"},

"Sample000111": {"category": "Type3", "detail": "TBA"},

"Sample000112": {"category": "Type9", "detail": "TBA"},

"Sample000113": {"category": "Type10", "detail": "TBA"},

"Sample000114": {"category": "Type7", "detail": "TBA"},

"Sample000115": {"category": "Type7", "detail": "TBA"},

"Sample000116": {"category": "Type2", "detail": "TBA"},

"Sample000117": {"category": "Type8", "detail": "TBA"},

"Sample000118": {"category": "Type4", "detail": "TBA"},

"Sample000119": {"category": "Type9", "detail": "TBA"},

"Sample000120": {"category": "Type1", "detail": "TBA"},

"Sample000121": {"category": "Type8", "detail": "TBA"},

"Sample000122": {"category": "Type10", "detail": "TBA"},

"Sample000123": {"category": "Type6", "detail": "TBA"},

"Sample000124": {"category": "Type8", "detail": "TBA"},

"Sample000125": {"category": "Type10", "detail": "TBA"},

"Sample000126": {"category": "Type8", "detail": "TBA"},

"Sample000127": {"category": "Type9", "detail": "TBA"},

"Sample000128": {"category": "Type5", "detail": "TBA"},

"Sample000129": {"category": "Type3", "detail": "TBA"},

"Sample000130": {"category": "Type2", "detail": "TBA"},

"Sample000131": {"category": "Type6", "detail": "TBA"},

"Sample000132": {"category": "Type10", "detail": "TBA"},

"Sample000133": {"category": "Type1", "detail": "TBA"},

"Sample000134": {"category": "Type10", "detail": "TBA"},

"Sample000135": {"category": "Type2", "detail": "TBA"},

"Sample000136": {"category": "Type10", "detail": "TBA"},

"Sample000137": {"category": "Type9", "detail": "TBA"},

"Sample000138": {"category": "Type6", "detail": "TBA"},

"Sample000139": {"category": "Type5", "detail": "TBA"},

"Sample000140": {"category": "Type7", "detail": "TBA"},

"Sample000141": {"category": "Type2", "detail": "TBA"},

"Sample000142": {"category": "Type8", "detail": "TBA"},

"Sample000143": {"category": "Type6", "detail": "TBA"},

"Sample000144": {"category": "Type4", "detail": "TBA"},

"Sample000145": {"category": "Type4", "detail": "TBA"},

"Sample000146": {"category": "Type6", "detail": "TBA"},

"Sample000147": {"category": "Type7", "detail": "TBA"},

"Sample000148": {"category": "Type10", "detail": "TBA"},

"Sample000149": {"category": "Type6", "detail": "TBA"},

"Sample000150": {"category": "Type3", "detail": "TBA"},

"Sample000151": {"category": "Type4", "detail": "TBA"},

"Sample000152": {"category": "Type6", "detail": "TBA"},

"Sample000153": {"category": "Type8", "detail": "TBA"},

"Sample000154": {"category": "Type1", "detail": "TBA"},

"Sample000155": {"category": "Type4", "detail": "TBA"},

"Sample000156": {"category": "Type3", "detail": "TBA"},

"Sample000157": {"category": "Type7", "detail": "TBA"},

"Sample000158": {"category": "Type2", "detail": "TBA"},

"Sample000159": {"category": "Type3", "detail": "TBA"},

"Sample000160": {"category": "Type1", "detail": "TBA"},

"Sample000161": {"category": "Type10", "detail": "TBA"},

"Sample000162": {"category": "Type3", "detail": "TBA"},

"Sample000163": {"category": "Type7", "detail": "TBA"},

"Sample000164": {"category": "Type8", "detail": "TBA"},

"Sample000165": {"category": "Type2", "detail": "TBA"},

"Sample000166": {"category": "Type4", "detail": "TBA"},

"Sample000167": {"category": "Type3", "detail": "TBA"},

"Sample000168": {"category": "Type2", "detail": "TBA"},

"Sample000169": {"category": "Type9", "detail": "TBA"},

"Sample000170": {"category": "Type1", "detail": "TBA"},

"Sample000171": {"category": "Type2", "detail": "TBA"},

"Sample000172": {"category": "Type5", "detail": "TBA"},

"Sample000173": {"category": "Type2", "detail": "TBA"},

"Sample000174": {"category": "Type3", "detail": "TBA"},

"Sample000175": {"category": "Type9", "detail": "TBA"},

"Sample000176": {"category": "Type6", "detail": "TBA"},

"Sample000177": {"category": "Type5", "detail": "TBA"},

"Sample000178": {"category": "Type2", "detail": "TBA"},

"Sample000179": {"category": "Type2", "detail": "TBA"},

"Sample000180": {"category": "Type5", "detail": "TBA"},

"Sample000181": {"category": "Type7", "detail": "TBA"},

"Sample000182": {"category": "Type10", "detail": "TBA"},

"Sample000183": {"category": "Type9", "detail": "TBA"},

"Sample000184": {"category": "Type2", "detail": "TBA"},

"Sample000185": {"category": "Type7", "detail": "TBA"},

"Sample000186": {"category": "Type1", "detail": "TBA"},

"Sample000187": {"category": "Type9", "detail": "TBA"},

"Sample000188": {"category": "Type10", "detail": "TBA"},

"Sample000189": {"category": "Type5", "detail": "TBA"},

"Sample000190": {"category": "Type5", "detail": "TBA"},

"Sample000191": {"category": "Type6", "detail": "TBA"},

"Sample000192": {"category": "Type4", "detail": "TBA"},

"Sample000193": {"category": "Type1", "detail": "TBA"},

"Sample000194": {"category": "Type3", "detail": "TBA"},

"Sample000195": {"category": "Type6", "detail": "TBA"},

"Sample000196": {"category": "Type1", "detail": "TBA"},

"Sample000197": {"category": "Type3", "detail": "TBA"},

"Sample000198": {"category": "Type8", "detail": "TBA"},

"Sample000199": {"category": "Type1", "detail": "TBA"},

"Sample000200": {"category": "Type1", "detail": "TBA"}
}